species,individual,PARi,Photo,Cond,Ci,Trmmol
age_alt,1,0.223697796,-0.08928626,0.030959931,398.4981367,0.31960376
age_alt,1,5.435148716,0.264810106,0.037073074,381.7402833,0.371062677
age_alt,1,10.99771786,0.631352663,0.046892486,370.8379697,0.45187797
age_alt,1,15.27423477,0.91276356,0.063751581,368.7387172,0.591940147
age_alt,1,24.96268082,1.638549669,0.087894769,360.1285191,0.783920081
age_alt,1,49.82904434,2.901621081,0.108615489,344.539554,0.938269365
age_alt,1,99.14963531,4.530804907,0.117981816,321.6555723,1.008623622
age_alt,1,199.9437408,5.972460766,0.126820054,304.0348133,1.114062107
age_alt,1,250.4666138,6.435708828,0.12382815,295.2358861,1.11542177
age_alt,1,301.085968,6.526921239,0.117678158,288.875789,1.093394178
age_alt,1,348.7026367,6.636002512,0.110547148,281.0569422,1.084800002
age_alt,1,400.6417236,6.643213471,0.098824476,269.4103547,1.020111247
age_alt,1,498.9411926,6.645705633,0.087926803,255.9115026,0.972375816
age_alt,1,599.2731934,6.348709705,0.076178975,244.1214124,0.887303115
age_alt,2,0.430918664,-0.06848054,0.020144966,396.9094207,0.240796377
age_alt,2,5.265102386,0.321241015,0.023938364,369.6641379,0.281699288
age_alt,2,10.8170681,0.714389742,0.027214805,348.5307268,0.312736576
age_alt,2,15.21239185,0.969199848,0.033508784,343.8320723,0.376023248
age_alt,2,24.7470665,1.514424567,0.049338364,339.8093892,0.527390799
age_alt,2,51.23928833,2.807829929,0.06380938,315.5466643,0.665952727
age_alt,2,100.2209396,4.026572356,0.076712434,299.1511305,0.783240064
age_alt,2,200.605072,4.949415243,0.090059614,293.0378324,0.908890135
age_alt,2,250.6740417,5.145064993,0.095454223,293.9668065,0.976181991
age_alt,2,300.7639771,5.389697204,0.098877826,292.5179901,1.024196705
age_alt,2,350.1794434,5.51855673,0.099255212,290.3852091,1.048711519
age_alt,2,399.4482422,5.550318778,0.097225375,287.9058369,1.041370101
age_alt,2,499.5058289,5.626286429,0.093233229,282.4416476,1.025011343
age_alt,2,598.7915039,5.534797075,0.087649074,278.1111076,0.985668922
age_alt,3,0.616160989,-0.197598645,0.012159879,415.5867901,0.188071266
age_alt,3,5.224344254,0.274192478,0.014887675,359.9836813,0.218878033
age_alt,3,10.73199368,0.628387682,0.018952205,335.952634,0.275197685
age_alt,3,14.63686085,0.82924193,0.02717215,339.5008029,0.39751957
age_alt,3,24.69613647,1.403238806,0.040300965,331.918162,0.554245287
age_alt,3,51.01687241,2.649121618,0.052918558,305.1922149,0.681498375
age_alt,3,99.05477905,3.745385207,0.068688298,295.7993428,0.843028984
age_alt,3,199.7800293,4.429332514,0.079115763,291.781664,0.938017952
age_alt,3,249.5207977,4.668929855,0.085939149,293.8851867,0.996118528
age_alt,3,299.3622131,4.828462176,0.088743989,293.3718116,1.046134221
age_alt,3,350.5822449,4.953200318,0.088690242,290.7021151,1.069901262
age_alt,3,399.6501465,4.961667262,0.08600291,287.7327621,1.057271942
age_alt,3,499.146637,4.976085043,0.083155359,284.1797678,1.04630387
age_alt,3,600.0950317,4.940899768,0.078316012,279.2508315,1.010608615
age_alt,4,0.415791094,-0.215732656,0.008080039,430.8673656,0.145546501
age_alt,4,6.182732582,0.250019805,0.008837834,343.261281,0.156654464
age_alt,4,10.19999409,0.342748456,0.010235674,334.7350332,0.181526797
age_alt,4,14.6625042,0.685909592,0.012710621,301.7590799,0.224453027
age_alt,4,24.36645126,1.018561832,0.016729967,290.0761335,0.291941842
age_alt,4,50.3009758,2.124019687,0.024222813,245.1315033,0.419926073
age_alt,4,98.54675293,2.954943003,0.030532958,228.8071249,0.532687236
age_alt,4,200.461731,4.125413766,0.044008132,230.7579059,0.746325468
age_alt,4,250.2298279,4.560178858,0.047778012,227.0615241,0.802160247
age_alt,4,299.4197693,4.838128119,0.054276613,234.4997967,0.927671447
age_alt,4,350.7271423,5.103376412,0.058503183,237.1477653,1.000862239
age_alt,4,400.0249329,5.221630907,0.060619784,238.6531311,1.017492297
age_alt,4,501.2365417,5.329805987,0.063358351,241.3035005,1.069514818
age_alt,4,600.6376343,5.582213469,0.068580019,244.6373631,1.201958613
age_alt,4,699.1008911,5.808304247,0.076075199,252.0268591,1.372435306
age_alt,4,799.6408081,5.922771098,0.076416037,250.2032847,1.370454277
age_alt,5,0.344434202,-0.258391981,0.016557624,415.6368257,0.261679243
age_alt,5,6.252198219,0.334653536,0.020613728,363.9322428,0.320102976
age_alt,5,10.37282181,0.574869612,0.025743172,353.7139266,0.399620284
age_alt,5,14.91766834,0.859130007,0.032058528,345.9987225,0.489963695
age_alt,5,24.26638603,1.340836781,0.042253655,337.0036489,0.631392581
age_alt,5,50.61104965,2.292634757,0.052748631,316.0480357,0.76658385
age_alt,5,101.0397797,3.955006512,0.06203086,280.1995042,0.891186869
age_alt,5,200.3388214,4.889227023,0.070201616,268.3939938,1.019114914
age_alt,5,249.8103485,5.216768438,0.072581391,263.9535814,1.072591778
age_alt,5,299.786377,5.33300644,0.07459016,264.1272906,1.104933904
age_alt,5,348.9872437,5.415682971,0.07554694,263.5468317,1.120460056
age_alt,5,399.5065002,5.529139736,0.076512918,262.372234,1.147363078
age_alt,5,500.5915833,5.648035467,0.077531538,260.6744217,1.19272078
age_alt,5,600.0228882,5.707567339,0.077010145,258.2760549,1.223028218
age_alt,5,698.8549805,5.647634602,0.075052909,256.3111082,1.217748396
age_alt,5,800.3096924,5.651886278,0.072724728,252.1927283,1.22104583
ath_fil,1,0.221627489,-0.139106393,0.076573715,395.5290508,0.795139989
ath_fil,1,4.162163734,0.155933871,0.077248747,388.9440134,0.788136152
ath_fil,1,10.84020042,0.561298188,0.078789365,380.0116957,0.796849933
ath_fil,1,14.88909531,0.768094097,0.080126112,375.6446901,0.80378274
ath_fil,1,24.78597641,1.277904146,0.080739484,364.5418648,0.816225464
ath_fil,1,49.38648224,2.158896775,0.082278472,345.9384316,0.827394912
ath_fil,1,100.6996918,3.204146339,0.084385114,324.9013739,0.853466196
ath_fil,1,201.4254913,4.144297093,0.085430106,306.0620504,0.887634999
ath_fil,1,249.7043457,4.061789991,0.08657648,307.6729647,0.921215938
ath_fil,1,300.4444275,4.211327476,0.088000395,305.8153596,0.954139045
ath_fil,1,350.0428162,4.271101819,0.088520517,304.9608037,0.977387639
ath_fil,1,399.8262634,4.297893572,0.08807736,304.0843917,0.977843374
ath_fil,1,500.2962341,4.298223711,0.085009809,301.0168165,0.978575393
ath_fil,2,1.0367558,-0.305165571,0.069637474,398.9887198,0.824224016
ath_fil,2,4.576486111,-0.074401752,0.072266148,393.4379347,0.817388558
ath_fil,2,10.9610815,0.432510105,0.076035352,381.957049,0.84460666
ath_fil,2,15.41107559,0.573884972,0.078513606,379.0875223,0.865974179
ath_fil,2,24.68730927,1.15517212,0.080449651,366.6372918,0.895207478
ath_fil,2,49.43989182,2.361401371,0.084514928,342.7965675,0.941919673
ath_fil,2,100.2698059,4.042081819,0.088171882,311.058807,0.988238531
ath_fil,2,200.8440094,5.633115417,0.090565028,282.0587212,1.033476049
ath_fil,2,251.318634,5.968416915,0.092986606,278.2266691,1.063277832
ath_fil,2,299.5532532,6.254743598,0.095510781,275.5734165,1.084319451
ath_fil,2,350.3821411,6.239073247,0.097603661,278.0194953,1.124859618
ath_fil,2,400.0837402,6.256759503,0.097065188,277.0066421,1.129347548
ath_fil,2,499.7064819,6.517910195,0.097031416,272.2499934,1.149783346
ath_fil,3,0.739648938,-0.220245563,0.05881174,396.5460739,0.816256765
ath_fil,3,5.347692966,0.082599948,0.062326362,388.261832,0.820969407
ath_fil,3,8.853821754,0.251370511,0.064309148,383.9294243,0.839811021
ath_fil,3,16.21660042,0.770857588,0.069703742,371.8287637,0.885526284
ath_fil,3,24.98352242,1.17226211,0.072335815,362.7663974,0.902433696
ath_fil,3,50.76343536,2.246095718,0.075286344,339.1152704,0.93925694
ath_fil,3,99.92269135,3.369871493,0.075661349,313.3888749,0.949604442
ath_fil,3,200.6457672,4.246981589,0.078972873,296.754558,0.998054958
ath_fil,3,250.7537537,4.521773106,0.079349824,291.0752297,1.009395273
ath_fil,3,301.0266113,4.575275485,0.080624961,291.2476281,1.028243231
ath_fil,3,350.3340149,4.675529052,0.079798578,287.9664343,1.032187522
ath_fil,3,399.9164429,4.810653047,0.080143863,285.5239222,1.056024607
ath_fil,3,498.9202271,4.906213804,0.081721119,285.2260529,1.098566971
ath_fil,3,600.5625,4.860483177,0.081615822,285.9587487,1.106187532
ath_fil,4,0.568805039,-0.146696318,0.069909257,395.5334747,0.806006137
ath_fil,4,5.142989635,0.112701795,0.072852397,389.2012521,0.82386644
ath_fil,4,10.23656845,0.450845477,0.073943008,381.275883,0.832009408
ath_fil,4,14.65215111,0.828849701,0.073992555,372.3771262,0.836851911
ath_fil,4,24.25935555,1.176711091,0.074672247,364.2001401,0.856916166
ath_fil,4,50.63678741,2.253585918,0.075791757,339.53382,0.883908725
ath_fil,4,99.52022552,3.249603515,0.075965211,316.6013229,0.902756104
ath_fil,4,200.2067719,4.064056564,0.077884569,299.8811328,0.928473573
ath_fil,4,249.8779602,4.246769237,0.078941261,296.8064547,0.957768365
ath_fil,4,300.4850159,4.372183866,0.079174842,294.1053662,0.981867712
ath_fil,4,349.3531799,4.394180637,0.079584396,293.8302999,1.018953329
ath_fil,4,400.7280884,4.472069641,0.079279872,291.8729357,1.027300255
ath_fil,4,500.3545227,4.523888435,0.078497763,289.6624862,1.028178452
ath_fil,5,-0.004116766,-0.050083202,0.075390918,392.8350963,0.837818667
ath_fil,5,6.004219532,0.278027598,0.075442279,385.1665377,0.842122473
ath_fil,5,10.30774975,0.447152469,0.07720253,381.4891214,0.863239156
ath_fil,5,14.80031872,0.728412755,0.078523558,375.5494466,0.861939788
ath_fil,5,24.5352459,1.297087846,0.079892793,363.5576378,0.858794572
ath_fil,5,50.75930405,2.251822937,0.081087661,342.1912257,0.870367604
ath_fil,5,99.49748993,3.214617647,0.082688171,322.527325,0.874907976
ath_fil,5,199.7520599,3.853357654,0.083791709,309.8310085,0.886675102
ath_fil,5,249.6000977,3.879509378,0.083112705,308.6035103,0.899626433
ath_fil,5,299.7301331,3.891526729,0.083217276,308.3881104,0.924581795
ath_fil,5,350.7987976,4.055235924,0.080994716,302.6804898,0.931688109
ath_fil,5,399.6487732,3.973525061,0.080446211,303.7510436,0.955629377
ath_fil,5,499.2970581,4.140560266,0.080758057,300.5005517,0.982198128
den_den,1,0,-0.817585096,0.023317392,450.3562925,0.196627245
den_den,1,5,-0.418337817,0.023528713,422.4828581,0.196208532
den_den,1,10,-0.064514334,0.022301524,398.2402796,0.187118449
den_den,1,15,0.164455339,0.023260995,382.2437239,0.195611764
den_den,1,25,0.381301545,0.023437731,367.2134295,0.197336899
den_den,1,50,1.023971886,0.022963107,321.3145595,0.193096315
den_den,1,100,1.625270949,0.022411618,276.0205366,0.190501821
den_den,1,200,1.981876451,0.022368057,249.7234791,0.195169933
den_den,1,250,2.23340295,0.022524626,232.7742553,0.201050541
den_den,1,300,2.205261213,0.022142109,231.9264432,0.202850886
den_den,1,350,2.211895447,0.022460169,233.5274676,0.214915265
den_den,1,400,2.151439869,0.022356551,237.1322388,0.222021878
den_den,1,500,2.280010983,0.02313987,233.4397189,0.237358788
den_den,1,600,1.96995463,0.023247932,255.534323,0.243754574
den_den,1,700,2.315875024,0.025703958,247.0920028,0.272183145
den_den,2,0,-0.506294179,0.032841059,418.4973212,0.296278017
den_den,2,5,-0.222201471,0.032783884,404.4347975,0.293405197
den_den,2,10,0.087749009,0.032287261,388.6593549,0.290550029
den_den,2,15,0.393056391,0.031414219,372.6773313,0.283568409
den_den,2,25,0.66768848,0.030981825,357.7161695,0.283231786
den_den,2,50,1.260368401,0.030580472,325.5202527,0.280520262
den_den,2,100,2.174249071,0.031655106,280.4418022,0.293108127
den_den,2,200,3.057201541,0.030879169,230.7893371,0.288464009
den_den,2,250,2.785569393,0.030994882,245.4011541,0.289919909
den_den,2,300,3.052336066,0.030286621,228.0042092,0.280463338
den_den,2,350,3.223030296,0.029702825,215.5371575,0.273698964
den_den,2,400,3.203335183,0.029759407,216.7945322,0.272779527
den_den,2,500,3.370640729,0.029515706,206.2885241,0.271337732
den_den,2,600,3.950269837,0.029085852,170.9433242,0.267234771
den_den,2,700,3.460396808,0.02822428,192.7203362,0.259989239
den_den,3,0,-0.25024337,0.017855204,415.5443262,0.188756274
den_den,3,5,0.003571267,0.018039733,391.7124447,0.190414189
den_den,3,10,0.337250049,0.017619224,361.3948817,0.184674219
den_den,3,15,0.412940375,0.017980224,355.1351958,0.187414021
den_den,3,25,0.664449888,0.016942845,329.2005185,0.174046473
den_den,3,50,1.185365176,0.017704381,284.4625015,0.181379548
den_den,3,100,1.563703121,0.017329805,246.9533494,0.180032504
den_den,3,200,1.683283325,0.017679182,238.8668718,0.18557436
den_den,3,250,1.823311173,0.017377688,223.3072702,0.181763665
den_den,3,300,1.809556237,0.016566658,216.5644541,0.172436931
den_den,3,350,1.98191135,0.017179605,206.6599145,0.179044903
den_den,3,400,1.863787347,0.017104702,216.8644954,0.17914456
den_den,3,500,2.035153203,0.016444372,193.2981615,0.175222554
den_den,3,600,2.065721949,0.016084021,185.6867399,0.173508488
den_den,3,700,1.940804723,0.014467238,176.8563695,0.158026318
den_den,4,0,-0.738103832,0.023813483,442.2052022,0.30582455
den_den,4,5,-0.434678445,0.023140421,422.5713347,0.293347556
den_den,4,10,-0.330904709,0.023248635,415.1745522,0.292365208
den_den,4,15,0.110056159,0.022472919,384.4875337,0.28219509
den_den,4,25,0.559375008,0.022184713,351.7897105,0.279027356
den_den,4,50,1.123302123,0.02209627,310.1896703,0.278337605
den_den,4,100,1.572967927,0.021923285,274.7397389,0.276324803
den_den,4,200,2.043463099,0.022042264,240.8627533,0.279723601
den_den,4,250,2.13970009,0.022172796,234.7502562,0.283071587
den_den,4,300,2.033842037,0.022057346,241.5503604,0.282362502
den_den,4,350,2.23057977,0.021999442,226.8787241,0.282456352
den_den,4,400,2.225555709,0.021918946,226.799667,0.278993423
den_den,4,500,2.345195328,0.022121269,219.710602,0.280779554
den_den,4,600,2.368777572,0.022082505,217.6927543,0.279715141
den_den,4,700,2.217067919,0.022128723,229.1841589,0.279846656
den_den,5,0,-0.156816676,0.018814048,404.7987123,0.255659544
den_den,5,5,0.253794846,0.018300238,369.1750198,0.248143736
den_den,5,10,0.14607739,0.017689627,378.091219,0.237545939
den_den,5,15,0.573895142,0.017722461,339.4881948,0.237597812
den_den,5,25,1.098959213,0.018176289,294.5060888,0.24426051
den_den,5,50,1.656190287,0.017595435,240.4821827,0.237420902
den_den,5,100,1.74127719,0.017691302,233.3731157,0.241218204
den_den,5,200,1.714234523,0.017581437,234.603366,0.243545441
den_den,5,250,1.979629178,0.017496533,209.5687823,0.245036384
den_den,5,300,1.859830684,0.017330756,218.8844127,0.244421372
den_den,5,350,1.911414539,0.016928895,210.0255491,0.240916014
den_den,5,400,1.907245331,0.016680378,207.4792949,0.239381791
den_den,5,500,1.695495565,0.016808738,228.9179309,0.246699084
den_den,5,600,1.808062492,0.016953805,219.4539431,0.254784504
den_den,5,700,1.816893313,0.017095909,219.8918225,0.258972646
dip_dig,1,0,-1.16257989,0.024132451,468.2845363,0.354895076
dip_dig,1,5,-0.506881932,0.024419187,423.9672754,0.35828024
dip_dig,1,10,-0.271912204,0.024288274,408.4237448,0.357052648
dip_dig,1,15,-0.114361997,0.024285072,397.9989049,0.357010785
dip_dig,1,25,0.49324047,0.024961064,358.5042073,0.3669701
dip_dig,1,50,1.212797536,0.024639721,310.8526695,0.3619712
dip_dig,1,100,1.783383852,0.02499954,274.97423,0.369485567
dip_dig,1,200,2.095496048,0.025702058,258.3200276,0.38476336
dip_dig,1,250,2.160249565,0.025499101,253.3957051,0.382681089
dip_dig,1,300,2.331448183,0.025010457,239.7240745,0.376604527
dip_dig,1,350,2.328214356,0.025626438,243.3336457,0.389021767
dip_dig,1,400,2.44118267,0.025855249,237.7337868,0.393639469
dip_dig,1,500,2.463935435,0.026054816,237.3541157,0.398924638
dip_dig,1,600,2.40292255,0.027152911,246.974035,0.417629364
dip_dig,1,700,2.557785475,0.027410749,239.0557357,0.41836343
dip_dig,2,0,-0.412403288,0.021746208,419.3578517,0.342048889
dip_dig,2,5,0.178638952,0.020781411,375.1827889,0.324575678
dip_dig,2,10,0.304506499,0.021435819,366.1593231,0.332953595
dip_dig,2,15,0.608362281,0.020575414,341.5939004,0.316881178
dip_dig,2,25,0.879423999,0.020782117,320.9909385,0.323039653
dip_dig,2,50,1.483413457,0.020796296,274.3395388,0.324994305
dip_dig,2,100,1.936064248,0.021352755,243.2161801,0.334366577
dip_dig,2,200,2.33363321,0.021460835,214.1026303,0.337359064
dip_dig,2,250,2.397909069,0.022113598,214.5612192,0.349985787
dip_dig,2,300,2.430438918,0.022141592,212.5567142,0.349442543
dip_dig,2,350,2.561810761,0.021906555,201.0514633,0.344452041
dip_dig,2,400,2.544944965,0.021912517,202.3863973,0.34489251
dip_dig,2,500,2.595613822,0.021882135,198.4144871,0.347136726
dip_dig,2,600,2.601001813,0.023035111,207.5093181,0.367085964
dip_dig,2,700,2.567102937,0.0231811,211.121634,0.367212798
dip_dig,3,0,-0.612446461,0.018347056,440.4609755,0.36902246
dip_dig,3,5,0.03013352,0.019442383,385.4228287,0.376940027
dip_dig,3,10,0.498056317,0.01944681,347.274738,0.362515102
dip_dig,3,15,0.447821654,0.019278405,351.5815879,0.341274678
dip_dig,3,25,0.901498333,0.018340297,310.5391685,0.311814012
dip_dig,3,50,1.375757612,0.01882637,270.4875498,0.317689261
dip_dig,3,100,1.795844669,0.018886273,235.0889766,0.321232531
dip_dig,3,200,2.000141025,0.0183105,212.6274487,0.311872619
dip_dig,3,250,2.145435557,0.018269846,199.7659288,0.309715999
dip_dig,3,300,2.279090374,0.018385783,189.2922847,0.312034181
dip_dig,3,350,2.155773964,0.018507385,201.0873038,0.315059993
dip_dig,3,400,2.08761682,0.017956917,201.6249347,0.307202906
dip_dig,3,500,2.194976641,0.018877858,201.5711339,0.324481449
dip_dig,3,600,2.519962859,0.018390668,168.7884263,0.318385112
dip_dig,3,700,2.107884082,0.019070768,210.7331275,0.330656452
dip_dig,4,0,-1.134159749,0.027453985,455.6478881,0.496094364
dip_dig,4,5,-0.549471683,0.025945747,422.8789547,0.46322314
dip_dig,4,10,-0.587853754,0.027096311,423.6869162,0.483728838
dip_dig,4,15,-0.000596607,0.02719281,388.567059,0.488542322
dip_dig,4,25,0.458250109,0.026865948,360.9399023,0.483282976
dip_dig,4,50,1.153463772,0.025993775,316.5471391,0.471756697
dip_dig,4,100,1.900039953,0.02864668,280.728968,0.525479204
dip_dig,4,200,2.347551626,0.028382498,253.85075,0.535639644
dip_dig,4,250,2.523920389,0.027778174,240.8650202,0.533567092
dip_dig,4,300,2.611496249,0.029014805,241.0739618,0.564529573
dip_dig,4,350,2.362185869,0.030441015,260.7167011,0.604786401
dip_dig,4,400,2.495177921,0.030004471,251.6824411,0.608128154
dip_dig,4,500,2.527980858,0.030393173,251.439969,0.630676384
dip_dig,4,600,2.652534434,0.030790509,246.2637947,0.652680922
dip_dig,4,700,2.714868104,0.031495284,245.5654391,0.690853443
dip_dig,5,0,-0.536434448,0.016133152,438.426083,0.384515613
dip_dig,5,5,-0.064146496,0.016132671,391.9484702,0.382195213
dip_dig,5,10,0.081070217,0.016269983,377.7773711,0.382762151
dip_dig,5,15,0.222183338,0.016446952,364.361106,0.383689613
dip_dig,5,25,0.454839411,0.016525395,342.0822913,0.383370908
dip_dig,5,50,0.988491227,0.016396932,290.0743512,0.376901746
dip_dig,5,100,1.304236191,0.016876252,262.9478173,0.389179622
dip_dig,5,200,1.246052125,0.017543954,272.859384,0.403710126
dip_dig,5,250,1.342344054,0.01803542,267.5848273,0.407452196
dip_dig,5,300,1.499548488,0.017236366,247.4814015,0.384618692
dip_dig,5,350,1.616564023,0.016988778,234.5569449,0.376401286
dip_dig,5,400,1.617158208,0.017924903,242.4986824,0.390954267
dip_dig,5,500,1.778949074,0.017438966,223.8009042,0.375627979
dip_dig,5,600,1.731789875,0.017891934,232.0794669,0.380775798
dip_dig,5,700,1.539867791,0.017645718,247.4539766,0.372326685
dry_int,1,0.393173665,-0.666061208,0.045832519,416.0008708,0.473113596
dry_int,1,5.187572002,-0.349396189,0.044920715,404.8273351,0.45829126
dry_int,1,10.73276806,-0.079835677,0.046357416,394.7261672,0.472871633
dry_int,1,15.34359837,0.186667033,0.047977859,385.4528853,0.489003915
dry_int,1,25.20709801,0.638266932,0.049904817,370.5089872,0.509430431
dry_int,1,48.6800499,1.536031828,0.05210406,342.3108822,0.535021253
dry_int,1,100.5209961,2.515611399,0.054336585,313.6395977,0.55770506
dry_int,1,199.5203857,3.336080212,0.054880225,289.2231957,0.571698895
dry_int,1,251.0835571,3.385796254,0.055591115,288.8927239,0.580422106
dry_int,1,300.4701538,3.598847241,0.055904612,283.1090261,0.586992755
dry_int,1,400.2998657,3.686410261,0.056878041,282.0765503,0.606358386
dry_int,1,499.0457153,3.791570556,0.058139388,281.1060661,0.63170468
dry_int,1,599.8574829,3.793370563,0.05915964,282.7711593,0.649810333
dry_int,1,700.0244751,3.749068838,0.060018505,285.4872631,0.666182458
dry_int,2,0.182531595,-0.691936224,0.054395205,416.1273526,0.477186994
dry_int,2,5.157427788,-0.367416105,0.053870071,406.1985223,0.465644577
dry_int,2,10.74208069,-0.024370321,0.054418697,395.3229478,0.470510369
dry_int,2,15.31351948,0.477011,0.054877332,379.7632168,0.475512158
dry_int,2,25.45558357,1.054235821,0.05691682,362.6766607,0.49690835
dry_int,2,48.83255005,1.602286135,0.056904361,345.6509911,0.507200864
dry_int,2,100.6356888,2.627119641,0.05620376,313.8005202,0.529537877
dry_int,2,199.7768555,3.179277417,0.058882831,301.0897292,0.54684168
dry_int,2,249.2630615,3.235339159,0.060117813,301.3340725,0.558308778
dry_int,2,298.8852539,3.347941167,0.058644638,295.7620419,0.559628458
dry_int,2,400.6827393,3.455705882,0.058810967,292.6453037,0.584328397
dry_int,2,499.1255188,3.310237998,0.058630628,296.3622449,0.603068515
dry_int,2,599.699585,3.499156683,0.057839894,289.483002,0.603722967
dry_int,3,0.437741637,-0.442405894,0.064012885,403.5005233,0.784226915
dry_int,3,5.159628391,-0.046278827,0.063911083,393.1388579,0.769058514
dry_int,3,10.69741917,0.275386747,0.064131507,383.363917,0.743766695
dry_int,3,14.9911747,0.538913998,0.065690544,376.5946296,0.772457261
dry_int,3,24.85129356,1.072980689,0.068001708,363.7428421,0.780640522
dry_int,3,49.86879349,2.159439004,0.070108663,337.8134008,0.81856257
dry_int,3,100.6937866,3.392427433,0.074812364,312.474149,0.860580972
dry_int,3,199.8331451,4.129225014,0.076099653,296.8112203,0.889464609
dry_int,3,250.7650757,4.349486922,0.078337137,294.4592525,0.912598605
dry_int,3,299.118866,4.469034253,0.079782858,293.5305534,0.934942372
dry_int,3,399.5470276,4.688804314,0.080998732,290.233392,0.953332543
dry_int,3,500.8587036,4.811647611,0.082394139,289.2062308,0.981685709
dry_int,3,599.3043213,4.859561453,0.084445222,290.3190158,1.029288633
dry_int,3,699.104248,4.930326112,0.085515242,289.9063463,1.066010106
dry_int,4,0.347156018,-0.671185119,0.058176693,410.7381712,0.804596762
dry_int,4,6.244008064,-0.190601099,0.059360068,396.6611547,0.795849166
dry_int,4,10.27011871,0.000170111,0.059877131,391.2471841,0.808896843
dry_int,4,14.79284954,0.18932303,0.061520712,386.0645931,0.843930928
dry_int,4,24.47014809,0.596244368,0.063582069,375.5423149,0.844486115
dry_int,4,50.73262787,1.523332193,0.064623254,350.9436194,0.874512148
dry_int,4,99.5952301,2.542023855,0.06526684,323.3068084,0.88750923
dry_int,4,200.8213959,3.341419644,0.066916256,302.5739951,0.921306251
dry_int,4,249.2426147,3.680463801,0.068642065,296.2519981,0.935448938
dry_int,4,300.0449829,3.739112943,0.070408588,296.86481,0.967409007
dry_int,4,399.7716675,4.02870753,0.071176213,290.74818,0.992383208
dry_int,4,500.2941895,4.107385448,0.071716187,289.4596273,1.02335238
dry_int,4,600.4239502,4.170323677,0.072361256,288.7053377,1.046639519
dry_int,4,700.2365723,4.22908351,0.072836188,287.9619715,1.068646096
dry_int,5,0.570140898,-0.753839785,0.041060917,419.4171558,0.679887426
dry_int,5,6.316832066,-0.397856117,0.041993334,404.6514916,0.691704746
dry_int,5,10.42157269,-0.41600916,0.043442459,404.9406039,0.71502993
dry_int,5,14.748106,0.079369342,0.044084629,386.2020497,0.727939845
dry_int,5,24.379179,0.340908257,0.045552988,376.586373,0.755403554
dry_int,5,50.6602478,1.077474527,0.046219251,349.9554318,0.763722738
dry_int,5,99.45344543,1.931363083,0.047455255,320.5993387,0.787800721
dry_int,5,200.2621155,2.507338494,0.049103025,302.8450163,0.829235773
dry_int,5,250.5407104,2.599345248,0.049751635,299.3486653,0.843171259
dry_int,5,301.0577698,2.578751602,0.048906117,298.2621535,0.83589671
dry_int,5,348.6343689,2.69050183,0.049921596,296.445411,0.858635724
dry_int,5,400.3062134,2.753172522,0.049568703,293.8228698,0.845608875
dry_int,5,449.5696106,2.731534858,0.050358262,296.05012,0.858280186
dry_int,5,498.6481934,2.654490733,0.050332736,298.5240033,0.855611755
dry_int,5,549.4962769,2.737695642,0.050410916,296.2268454,0.861442246
dry_int,5,600.6121216,2.422417637,0.048969882,304.384415,0.847137738
eup_pur,1,0.510466933,-0.580579735,0.086423741,403.6057855,1.052609682
eup_pur,1,6.136577129,-0.073682011,0.088685501,393.3906803,1.072088225
eup_pur,1,10.16143227,0.198217631,0.093510175,388.1267971,1.126045339
eup_pur,1,14.43732166,0.456881214,0.101523544,383.7583824,1.26142219
eup_pur,1,24.32759285,1.05959504,0.118423651,374.0278982,1.474106655
eup_pur,1,49.38954163,2.442978839,0.148974551,359.9491341,1.807270386
eup_pur,1,100.835762,5.045170819,0.181881776,338.1231551,2.1234611
eup_pur,1,149.9880371,6.951856293,0.204388294,325.406448,2.271134906
eup_pur,1,200.6774139,8.586117901,0.221779092,315.6278102,2.384849938
eup_pur,1,251.0087891,9.704604986,0.24257003,311.64076,2.605972633
eup_pur,1,300.1000671,10.43155038,0.255847676,309.3662461,2.704524098
eup_pur,1,349.664917,11.09747319,0.266590856,307.1841596,2.812213573
eup_pur,1,399.4226685,11.44841069,0.272289745,304.8098498,2.845423287
eup_pur,1,499.1962891,12.03712218,0.276637159,301.8170236,2.996606091
eup_pur,1,599.6571045,12.48692192,0.270506139,296.9633463,2.973167183
eup_pur,1,800.8891602,13.06187724,0.2645355,290.7194217,3.043277794
eup_pur,1,1000.40033,13.41591326,0.251629653,283.3549485,3.117660429
eup_pur,1,1199.793213,13.53943122,0.247140012,280.4001301,3.242648925
eup_pur,2,0.239445671,-0.776769447,0.100541751,406.7226967,1.087996323
eup_pur,2,5.922353268,-0.172255558,0.112348015,396.0452299,1.182764011
eup_pur,2,9.817584991,0.292977345,0.123821811,389.3210662,1.270692732
eup_pur,2,14.19386196,0.493273216,0.138860428,387.0749309,1.402197072
eup_pur,2,25.27258682,1.194785228,0.152065836,379.2532201,1.488508837
eup_pur,2,50.71611023,2.792506984,0.168661965,362.5192906,1.636954517
eup_pur,2,99.91156769,4.974534143,0.18211539,341.7687541,1.74569924
eup_pur,2,150.9365692,7.063656569,0.200047706,323.6133759,1.913358856
eup_pur,2,201.0296326,8.326658772,0.21111896,314.9386017,2.018739704
eup_pur,2,249.665802,9.392371023,0.216331011,306.9571318,2.080930351
eup_pur,2,300.329895,10.21825334,0.22016556,300.9553567,2.129493156
eup_pur,2,349.8469543,10.87879424,0.226540177,297.2879809,2.26848109
eup_pur,2,399.4754333,11.30521777,0.224199512,292.7094926,2.281322115
eup_pur,2,499.5331421,12.20062745,0.231803223,287.3506488,2.49010227
eup_pur,2,600.515686,12.78509538,0.229679893,281.3242702,2.608177559
eup_pur,2,801.1815796,13.51459328,0.225734805,272.9262873,2.775516802
eup_pur,2,1000.379333,13.92189774,0.219980372,266.3210259,2.93507592
eup_pur,2,1199.478027,14.12512945,0.210530428,259.4562234,3.01628399
eup_pur,3,1.367865324,-0.939676134,0.111821104,403.8780204,1.623009886
eup_pur,3,4.659945011,-0.490049381,0.124333038,396.6933809,1.708079732
eup_pur,3,10.53713799,0.053077547,0.151133142,389.9225291,1.902402425
eup_pur,3,14.99557018,0.121539782,0.176477983,389.7089544,2.05878225
eup_pur,3,23.87555313,0.494737591,0.223487736,386.8364736,2.492010376
eup_pur,3,49.04229355,2.148678204,0.284393312,376.4940325,2.897140361
eup_pur,3,100.4875412,4.991185903,0.332117105,360.036075,3.042850066
eup_pur,3,151.0175476,7.282134404,0.363540117,348.648741,3.157785173
eup_pur,3,199.2920685,8.923439728,0.376703876,340.4327142,3.217883429
eup_pur,3,249.6454926,10.25301948,0.388795043,334.0275881,3.312426969
eup_pur,3,300.2843323,11.49238641,0.402425614,328.4878284,3.371481565
eup_pur,3,349.3499451,12.22344944,0.387560307,322.6740902,3.208812774
eup_pur,3,400.2138672,12.7726641,0.382152769,318.5740761,3.227208385
eup_pur,3,500.7156067,13.6401713,0.382028267,313.2150128,3.347425213
eup_pur,3,599.8116455,14.1588044,0.376487886,309.0899743,3.409247104
eup_pur,3,800.2758789,15.00875554,0.375620178,303.5314997,3.575319146
eup_pur,3,999.006958,15.51306354,0.368811886,299.1272902,3.66547294
eup_pur,3,1200.605103,15.78798379,0.369683268,297.1736937,3.917913356
eup_pur,4,1.422437429,-1.318540812,0.037776519,441.9675156,0.80269179
eup_pur,4,5.074747086,-0.798830351,0.038333689,419.6669418,0.767217695
eup_pur,4,10.82674408,-0.230234969,0.041632026,395.2616917,0.80585635
eup_pur,4,15.39577389,0.008216379,0.049068245,386.3054255,0.928098131
eup_pur,4,24.49024391,0.421472076,0.059254765,374.8887237,1.097686999
eup_pur,4,51.29347992,1.95314058,0.071446799,340.5787699,1.269341719
eup_pur,4,99.7537384,3.952795108,0.088338083,310.2627875,1.491291503
eup_pur,4,150.1672363,5.671996911,0.109886807,296.8032373,1.811210894
eup_pur,4,199.8542328,7.336411941,0.126650595,284.3409277,2.043191353
eup_pur,4,251.2208862,8.45630589,0.145986902,282.5245907,2.351501297
eup_pur,4,298.9347229,9.61181401,0.166816447,281.4705165,2.620987044
eup_pur,4,350.5516663,10.36410448,0.189510254,285.0059748,2.920856802
eup_pur,4,400.2891235,11.44970891,0.224199888,288.9780996,3.333598199
eup_pur,4,499.7643738,12.58168212,0.248259897,287.7515814,3.656276252
eup_pur,4,601.0066528,13.54308804,0.268639027,285.4235002,4.079427099
eup_pur,4,800.680603,14.51080067,0.293619215,285.0029821,4.546368326
eup_pur,4,999.3613281,14.9084188,0.305066451,284.6637942,4.859615361
eup_pur,4,1200.040039,15.42449428,0.301185863,280.4350372,4.916955996
eup_pur,5,1.534518123,-1.808792082,0.057087804,443.1827249,0.841774681
eup_pur,5,4.932886124,-1.425392961,0.059572121,430.1723735,0.848408739
eup_pur,5,11.22054577,-0.759281322,0.063795885,409.9123438,0.887359266
eup_pur,5,15.49882317,-0.483559493,0.068812502,401.5891938,0.945344217
eup_pur,5,24.82963371,0.139479986,0.077694283,385.8220138,1.091823632
eup_pur,5,50.16125107,1.529939887,0.090045319,358.413477,1.267483641
eup_pur,5,101.3557281,4.04840331,0.10716194,319.9043299,1.481154218
eup_pur,5,149.9949646,6.198395904,0.128165376,298.4404824,1.696973982
eup_pur,5,200.484436,8.048875855,0.146033975,283.6279406,1.747375843
eup_pur,5,249.4273682,7.730939249,0.165076109,297.745397,1.861009603
eup_pur,5,299.8022766,9.084131027,0.186704306,291.604577,2.0658776
eup_pur,5,349.2452698,10.19804131,0.211334596,289.2208683,2.295320654
eup_pur,5,400.8739624,11.35178049,0.238118777,287.4888718,2.550851784
eup_pur,5,499.310791,12.61286618,0.259390893,282.624625,2.764087103
eup_pur,5,600.9221191,13.83545617,0.281213681,278.7330439,3.023048937
eup_pur,5,801.0880737,15.17165313,0.296036566,271.8807917,3.239095884
eup_pur,5,998.6737671,16.01648779,0.303540657,267.1189263,3.449695359
eup_pur,5,1199.101807,16.59836823,0.296005257,260.5082709,3.515242131
eur_div,1,2.017480612,-0.257910876,0.006030699,448.2824977,0.173809305
eur_div,1,5.554653645,-0.02128995,0.005954308,387.7304594,0.161169592
eur_div,1,10.72760773,0.112972662,0.00671663,356.1115634,0.175639425
eur_div,1,14.90658665,0.245963859,0.007261757,329.421504,0.185743263
eur_div,1,25.85874748,0.649817599,0.009021592,269.2258112,0.226442574
eur_div,1,50.31358719,1.057447341,0.010944034,230.2397388,0.265261031
eur_div,1,100.3361282,1.618149001,0.015206915,213.9414114,0.354083421
eur_div,1,199.8638153,2.685452712,0.023798171,200.0148099,0.541310285
eur_div,1,249.6668396,3.106800223,0.027374338,198.8712807,0.598930642
eur_div,1,299.5808716,3.486718927,0.032214168,206.7013176,0.686965264
eur_div,1,348.8257141,3.874547531,0.03664551,210.3731347,0.740595701
eur_div,1,400.054657,3.936205082,0.038140254,214.6565332,0.743977253
eur_div,1,498.971283,3.960311573,0.037147978,209.9019162,0.702531306
eur_div,1,601.0264282,4.21077012,0.039165926,208.3175844,0.722242632
eur_div,1,699.456543,4.427103275,0.044627202,220.814648,0.819509002
eur_div,1,798.9371948,4.413010661,0.044082606,219.3190229,0.800205989
eur_div,2,0.323152065,-0.286471186,0.015634779,417.5640641,0.302757419
eur_div,2,6.0286479,0.288808063,0.01884248,363.4156322,0.361012766
eur_div,2,10.23284626,0.460873082,0.023567976,356.1809851,0.45272753
eur_div,2,14.58228397,0.786177825,0.029141247,343.744088,0.560303251
eur_div,2,24.24972725,1.288886322,0.033785665,324.8905268,0.645038593
eur_div,2,50.27799988,2.353795023,0.038830294,286.8570863,0.734795407
eur_div,2,100.5054779,3.625186888,0.046100298,255.4334174,0.865312034
eur_div,2,199.8383179,4.715879227,0.054976586,241.2915082,1.023255458
eur_div,2,249.4523163,4.889626946,0.057418793,241.7981327,1.070392656
eur_div,2,301.0830078,5.113720999,0.058853781,238.4217506,1.105379066
eur_div,2,349.785675,5.186005732,0.059860127,238.2696039,1.142320853
eur_div,2,400.4239197,5.250528716,0.061259929,239.4848973,1.182149125
eur_div,2,500.6679077,5.391267176,0.062982486,239.0008612,1.238890509
eur_div,2,600.7022095,5.420796423,0.064824522,241.7714207,1.296190725
eur_div,2,700.359314,5.585722393,0.066275636,240.2390225,1.351298625
eur_div,2,799.666748,5.495883148,0.065890025,241.4534475,1.369740381
eur_div,3,0.297764927,-0.206108906,0.012091448,414.530976,0.254932472
eur_div,3,6.144598007,0.291197307,0.01574828,357.5216596,0.32558311
eur_div,3,10.16911411,0.607091929,0.019644374,337.458988,0.399701584
eur_div,3,14.59290981,0.736113382,0.024618519,337.5942139,0.494343051
eur_div,3,24.0054245,1.276495507,0.029641129,315.6875953,0.589872851
eur_div,3,50.08147049,2.220784017,0.032924681,274.9347886,0.653441835
eur_div,3,100.0432892,3.288301076,0.041918599,255.1369157,0.819055171
eur_div,3,199.3659973,4.663368537,0.0577049,248.1296576,1.096901231
eur_div,3,250.6972351,4.85233583,0.060985183,249.5918395,1.157425272
eur_div,3,300.48349,5.011112774,0.061955486,247.145112,1.175465655
eur_div,3,351.2259521,5.148694645,0.062603332,244.726199,1.190673574
eur_div,3,399.7506409,5.191083871,0.063436208,245.1321402,1.221534913
eur_div,3,500.124054,5.23200412,0.064087099,245.0914477,1.249595179
eur_div,3,600.1448364,5.207639924,0.063312559,243.9286323,1.253793738
eur_div,3,699.4918823,5.236593884,0.063057882,242.3684647,1.280762193
eur_div,3,798.9648438,5.240097542,0.062787798,241.5086213,1.302496869
eur_div,4,0.281296045,-0.270700852,0.010685757,424.8776254,0.251309562
eur_div,4,6.23732233,0.217988166,0.013493768,358.8062734,0.31032727
eur_div,4,10.26458454,0.434314415,0.017285254,344.2653061,0.394046609
eur_div,4,14.71465778,0.682836756,0.022068615,334.6565109,0.49444837
eur_div,4,24.1699791,1.15382957,0.028638483,318.9667524,0.62825261
eur_div,4,50.17021561,2.188461381,0.036451658,285.507388,0.784973778
eur_div,4,100.1706238,3.348979449,0.042614698,253.665863,0.909208927
eur_div,4,199.4893036,4.484435029,0.052522211,240.4027776,1.098748164
eur_div,4,250.6112671,4.902409449,0.058666874,242.242044,1.226263611
eur_div,4,300.2588196,5.093960688,0.061743396,243.3773947,1.287909263
eur_div,4,349.0500793,5.238082381,0.063957129,243.9413297,1.339641929
eur_div,4,399.4948425,5.326626368,0.064524184,242.7211701,1.35200897
eur_div,4,499.8651428,5.411894576,0.06330818,237.9050931,1.337950195
eur_div,4,599.8355103,5.36880922,0.062621782,237.479331,1.330848192
eur_div,4,699.2650146,5.474940313,0.064165216,237.8939653,1.371554502
eur_div,4,800.4659424,5.434452209,0.064066834,238.5906312,1.376348936
eur_div,5,0,-0.309265322,0.008279674,441.8154403,0.21236126
eur_div,5,5,0.171837546,0.009739382,354.7208738,0.246888798
eur_div,5,10,0.291559166,0.011352733,341.8150927,0.287025453
eur_div,5,15,0.599392782,0.014018693,314.4214649,0.353194088
eur_div,5,25,1.026982686,0.018161082,291.9465554,0.452454662
eur_div,5,50,1.89923318,0.023679211,252.8983698,0.577289713
eur_div,5,100,2.951113063,0.028603911,214.6120161,0.687672213
eur_div,5,200,3.89964854,0.03698903,208.8546848,0.875804561
eur_div,5,250,4.258349153,0.04019841,207.1969692,0.952799273
eur_div,5,300,4.445211628,0.042255586,207.9315308,1.003263305
eur_div,5,350,4.534012299,0.043952276,210.8339567,1.045833556
eur_div,5,400,4.62542881,0.045812361,214.1309995,1.09132725
eur_div,5,500,4.721383511,0.045842328,210.5481204,1.113296565
eur_div,5,600,4.835723359,0.048683576,215.8443711,1.194725554
eur_div,5,700,4.944587388,0.050022174,216.2691773,1.24417661
eur_div,5,800,4.855444763,0.048017988,212.9071551,1.212389811
imp_pal,1,0.174260199,-0.279283742,0.020498709,405.2927449,0.53673385
imp_pal,1,5.999088287,0.185778699,0.020644416,368.8420093,0.54104228
imp_pal,1,9.858170509,0.285672046,0.020901273,361.0894467,0.550457181
imp_pal,1,14.26040745,0.311289666,0.021234428,359.4478096,0.560991513
imp_pal,1,23.71953011,0.358522149,0.02166421,356.3989005,0.569766456
imp_pal,1,49.54664612,0.721490493,0.023138497,332.6819226,0.608696341
imp_pal,1,101.2177658,1.116002067,0.025384838,311.2319845,0.666476818
imp_pal,1,199.7997589,2.249050226,0.032585615,269.2068918,0.852828642
imp_pal,1,250.963623,2.356233417,0.034351333,269.3297623,0.902737601
imp_pal,1,300.2782288,2.482021931,0.03548867,266.9246312,0.940179341
imp_pal,1,348.7306519,2.59928409,0.036929772,265.8216552,0.985876378
imp_pal,1,400.8381042,2.846811804,0.039866021,263.7344599,1.065041452
imp_pal,1,498.6031494,3.11185817,0.042991433,261.289006,1.153100266
imp_pal,1,599.9028931,3.170990506,0.044998043,263.9482431,1.223002646
imp_pal,1,698.9411621,3.177978371,0.044965898,263.5014406,1.235686149
imp_pal,1,799.2716675,3.154258016,0.045448252,265.3276094,1.260968045
imp_pal,2,0.115948424,-0.30054,0.020728,406.5356,0.518783
imp_pal,2,5.922115326,0.249074,0.02116,364.2222,0.525488
imp_pal,2,9.896749496,0.447412,0.022064,350.3934,0.550396
imp_pal,2,14.24297905,0.436519,0.023503,352.9135,0.585643
imp_pal,2,23.7417469,0.930784,0.026104,325.2208,0.648586
imp_pal,2,49.68600082,1.745777,0.033132,296.131,0.81646
imp_pal,2,101.2076111,3.001852,0.046761,275.2679,1.123543
imp_pal,2,199.8204041,4.093101,0.059656,265.8508,1.413668
imp_pal,2,250.6040192,4.43034,0.066722,268.549,1.573069
imp_pal,2,299.8404541,4.708319,0.07283,270.7074,1.701374
imp_pal,2,350.3415222,4.923919,0.078227,272.8316,1.826969
imp_pal,2,400.5471497,5.057802,0.080766,272.9698,1.894314
imp_pal,2,499.9692383,5.09406,0.081833,273.2388,1.941801
imp_pal,2,599.3068237,5.116343,0.083084,275.167,1.989179
imp_pal,2,699.8822021,5.269783,0.087182,276.3828,2.108423
imp_pal,2,799.9824219,5.462511,0.095722,281.144,2.317791
imp_pal,3,0.113204986,-0.204848358,0.017719955,404.0410889,0.391463847
imp_pal,3,6.020415306,0.213623709,0.01849345,367.0587313,0.407361892
imp_pal,3,10.06597424,0.414529428,0.019851779,351.9599224,0.439193271
imp_pal,3,14.45144939,0.629700502,0.021693163,338.6224373,0.481757436
imp_pal,3,23.80259132,1.017291562,0.025701323,321.1014344,0.56893884
imp_pal,3,49.78380966,1.979050382,0.033517403,288.2720844,0.733733694
imp_pal,3,101.2692413,3.323313908,0.044930693,261.5857561,0.963033425
imp_pal,3,199.9262695,4.435642434,0.055856981,249.7287735,1.187420168
imp_pal,3,251.0518646,4.838130814,0.064606281,255.8563668,1.356438559
imp_pal,3,300.2840881,5.124911029,0.068924271,255.8528521,1.458497193
imp_pal,3,348.8662109,5.305568831,0.072649979,256.8962966,1.549903639
imp_pal,3,400.8847656,5.448474961,0.076952915,259.9005534,1.65875698
imp_pal,3,500.3010864,5.603060116,0.080953881,261.7686019,1.764303103
imp_pal,3,599.5461426,5.83175286,0.085475571,262.6861449,1.885354734
imp_pal,3,700.1953735,5.978664318,0.091596241,266.7891935,2.032573686
imp_pal,3,800.5842896,6.181524527,0.100254439,271.9282959,2.22207893
imp_pal,4,0.666911781,-0.27080783,0.017698265,411.9492463,0.327850651
imp_pal,4,5.345763683,-0.015843147,0.017647092,388.9021359,0.319420144
imp_pal,4,10.59397888,0.19973813,0.018388668,369.9767279,0.331714235
imp_pal,4,15.11199951,0.399612865,0.019038249,353.8353636,0.338401475
imp_pal,4,24.56401634,0.565976947,0.020078304,342.1669192,0.349854759
imp_pal,4,50.48611069,1.255096161,0.023945535,302.4477992,0.412104388
imp_pal,4,100.5577087,1.861397736,0.027846299,278.0918173,0.479966505
imp_pal,4,199.8227692,3.446057005,0.04119833,247.7098407,0.695262775
imp_pal,4,251.0290833,3.980734387,0.046912342,244.5400399,0.78414131
imp_pal,4,300.8200684,4.297115164,0.050672884,243.9640651,0.838310852
imp_pal,4,349.6383667,4.734964748,0.056865949,245.231067,0.936273745
imp_pal,4,399.9759827,4.877434283,0.060164722,248.3220505,0.988495385
imp_pal,4,500.4354248,5.050207117,0.062332367,247.9152507,1.037115153
imp_pal,4,600.2147217,5.197095195,0.062747439,244.7042724,1.059348897
imp_pal,4,699.8070679,5.14624327,0.062807685,246.0544714,1.080258063
imp_pal,4,799.4435425,5.09458194,0.062389992,246.3292251,1.084598418
imp_pal,5,0.570856631,-0.362233651,0.037365564,404.6378488,0.645335141
imp_pal,5,6.226003647,0.233514696,0.040178639,378.8804472,0.686111133
imp_pal,5,10.2383852,0.458148057,0.043566976,371.0406784,0.730243102
imp_pal,5,14.81926155,0.730614059,0.049803083,364.0463528,0.808093371
imp_pal,5,24.43638611,1.349790221,0.062707966,352.0484227,0.978442328
imp_pal,5,50.31521988,2.51211781,0.08839286,338.3240243,1.29510806
imp_pal,5,100.3766556,4.07979902,0.130334446,330.285398,1.753845019
imp_pal,5,199.5615234,5.070808382,0.170596,330.519781,2.151806443
imp_pal,5,250.8391724,5.233315481,0.18217599,331.7095301,2.249891355
imp_pal,5,298.9251709,5.498395566,0.184955513,329.4436298,2.289725294
imp_pal,5,349.3551025,5.540243752,0.190526774,330.332544,2.367304904
imp_pal,5,399.8548279,5.559194054,0.197815418,331.4609794,2.47578858
imp_pal,5,499.6390076,5.67389562,0.201182056,330.9068977,2.584385029
imp_pal,5,599.5494995,5.751211876,0.203591715,330.5598521,2.6472413
imp_pal,5,699.0908203,5.815103533,0.203025641,329.463045,2.719695972
imp_pal,5,799.9723511,5.700002587,0.203656495,330.4929673,2.756226135
lyc_cla,1,0,-0.197127952,0.030611601,404.2809382,0.251980592
lyc_cla,1,5,0.13030769,0.030079515,386.6403966,0.242246648
lyc_cla,1,10,0.306863916,0.030483263,377.2957784,0.244596387
lyc_cla,1,15,0.64908699,0.030791205,359.3994857,0.247866633
lyc_cla,1,25,0.994384036,0.030657433,340.7154781,0.246595706
lyc_cla,1,50,1.693315188,0.030322332,302.213296,0.244212276
lyc_cla,1,100,2.451249435,0.031627299,266.3315117,0.257466847
lyc_cla,1,150,2.736946434,0.030888454,248.1354443,0.253796385
lyc_cla,1,200,2.889312073,0.031193679,241.540666,0.256119591
lyc_cla,1,250,2.984787857,0.031664903,238.8341974,0.261994009
lyc_cla,1,300,3.021817058,0.030868728,232.9719634,0.255990918
lyc_cla,1,350,3.058824954,0.031309575,233.2362427,0.262236049
lyc_cla,1,400,3.096338461,0.031176496,230.5434751,0.261097783
lyc_cla,1,500,3.118164959,0.031150769,229.4085925,0.262639396
lyc_cla,1,600,3.108028832,0.032112911,234.537183,0.276774013
lyc_cla,2,0,-0.229452862,0.021918518,410.5442521,0.196892434
lyc_cla,2,5,0.183647302,0.021489216,379.9025469,0.190479435
lyc_cla,2,10,0.324462498,0.021894843,369.8331367,0.193963886
lyc_cla,2,15,0.610902109,0.02018938,345.0719139,0.175780363
lyc_cla,2,25,0.735334392,0.019719277,333.5245078,0.169319513
lyc_cla,2,50,1.320873595,0.020244027,288.2131714,0.176385702
lyc_cla,2,100,1.864286814,0.020869272,249.0649064,0.186453554
lyc_cla,2,150,2.000505871,0.022325377,248.4532547,0.202524361
lyc_cla,2,200,2.197233189,0.020296505,218.5994927,0.184469916
lyc_cla,2,250,2.190197799,0.021702557,230.2683319,0.198901411
lyc_cla,2,300,2.351662868,0.022565435,224.8147859,0.208943623
lyc_cla,2,350,2.339697142,0.021758958,219.5210357,0.201481367
lyc_cla,2,400,2.317557248,0.022751142,228.5371034,0.211626857
lyc_cla,2,500,2.397455315,0.023504689,228.2740699,0.219850771
lyc_cla,2,600,2.545674429,0.024202461,223.0421025,0.22803075
lyc_cla,3,0,-0.289856542,0.034199445,407.8823297,0.297262475
lyc_cla,3,5,0.059931806,0.029556988,390.6335461,0.248102031
lyc_cla,3,10,0.388405043,0.027808956,371.3066014,0.230499771
lyc_cla,3,15,0.410208909,0.029011614,370.8357745,0.243233057
lyc_cla,3,25,0.744599391,0.026402945,347.8585763,0.22711623
lyc_cla,3,50,1.369835281,0.026983459,310.9883068,0.238365799
lyc_cla,3,100,1.761526924,0.02585236,282.4868449,0.240059855
lyc_cla,3,150,2.013965909,0.028235729,277.0480072,0.268952781
lyc_cla,3,200,2.108940884,0.028128487,270.8067385,0.273633158
lyc_cla,3,250,2.283727428,0.029084836,265.2711771,0.28811921
lyc_cla,3,300,2.366860145,0.028397489,257.5213839,0.284021938
lyc_cla,3,350,2.005912365,0.028275123,277.5796329,0.28580042
lyc_cla,3,400,2.37631078,0.029419682,261.6442941,0.301777179
lyc_cla,3,500,2.324341193,0.030592165,269.2850229,0.320291083
lyc_cla,3,600,2.346824978,0.029910344,265.1853911,0.316693646
lyc_cla,4,0,-0.259767897,0.01966928,414.8046499,0.210319413
lyc_cla,4,5,0.171413532,0.017910842,378.1233591,0.184816714
lyc_cla,4,10,0.369299903,0.018420384,361.2777418,0.184609805
lyc_cla,4,15,0.473334752,0.01863486,352.5339559,0.182848507
lyc_cla,4,25,0.79299177,0.018187369,323.0523941,0.177502155
lyc_cla,4,50,1.000982479,0.016627053,296.1717751,0.162955027
lyc_cla,4,100,1.287994855,0.013956599,243.8102178,0.139983536
lyc_cla,4,150,1.464804721,0.011831983,193.4904919,0.120337446
lyc_cla,4,200,1.531191052,0.011928049,186.2717882,0.124270139
lyc_cla,4,250,1.524165541,0.012559595,197.4542556,0.133995877
lyc_cla,4,300,1.609439985,0.012242571,181.3204468,0.133617502
lyc_cla,4,350,1.610482559,0.012987921,193.0950634,0.144074063
lyc_cla,4,400,1.496510532,0.013968033,220.0091567,0.155440523
lyc_cla,4,500,1.584307325,0.016002386,232.8408322,0.180736066
lyc_cla,4,600,1.571048841,0.016504556,239.0991774,0.186590509
lyc_cla,5,0,-0.171709534,0.007365447,429.3173384,0.086614966
lyc_cla,5,5,0.151186855,0.006355211,354.3219795,0.073363097
lyc_cla,5,10,0.239045094,0.006371545,332.3012947,0.074093833
lyc_cla,5,15,0.342115651,0.006396647,306.928586,0.074624461
lyc_cla,5,25,0.465811374,0.006223695,272.8014728,0.073141385
lyc_cla,5,50,0.65020746,0.007057071,245.1784066,0.083327838
lyc_cla,5,100,0.715777416,0.007010839,229.327401,0.082921322
lyc_cla,5,150,0.71407049,0.007470824,238.8436047,0.089269111
lyc_cla,5,200,0.698437641,0.007065563,233.6893482,0.085227054
lyc_cla,5,250,0.747098268,0.007767207,237.7763331,0.093958596
lyc_cla,5,300,0.78259837,0.007472535,224.38203,0.090397256
lyc_cla,5,350,0.753746149,0.007634478,233.9460994,0.093300353
lyc_cla,5,400,0.836859096,0.007419501,211.5295002,0.091344444
lyc_cla,5,500,0.866191039,0.007614949,209.9522832,0.095591983
lys_cil,1,0,-0.489369373,0.024365775,420.2858727,0.416968311
lys_cil,1,5,-0.025048473,0.027371915,389.2501582,0.455821551
lys_cil,1,10,0.296572202,0.031425068,371.983052,0.523338699
lys_cil,1,15,0.639648156,0.034471589,356.9595178,0.572575184
lys_cil,1,25,1.233927785,0.038702646,334.5305908,0.640305853
lys_cil,1,50,2.477129706,0.042068647,288.7589744,0.702046499
lys_cil,1,100,4.02400456,0.048560994,247.0548841,0.818779055
lys_cil,1,150,4.960517323,0.051357192,223.029913,0.878452958
lys_cil,1,200,5.31392196,0.054062954,219.2752032,0.925606096
lys_cil,1,300,5.785268337,0.056197488,210.5422194,0.977776138
lys_cil,1,350,6.100646263,0.058784326,208.377236,1.04294603
lys_cil,1,400,6.143583049,0.06085402,212.7700138,1.082826128
lys_cil,1,500,6.273874215,0.062136784,212.5245981,1.096095965
lys_cil,1,600,6.443486816,0.063881958,212.3636885,1.112067667
lys_cil,1,700,6.672744819,0.065960314,211.9699406,1.122433666
lys_cil,1,800,6.71849674,0.068752408,217.7355426,1.138472398
lys_cil,1,850,6.819992071,0.071738101,222.2335231,1.12778491
lys_cil,2,0,-1.587391134,0.010684317,613.095855,0.356703506
lys_cil,2,5,-1.175860672,0.009566617,574.208239,0.295576769
lys_cil,2,10,-0.868794627,0.009312018,527.1855546,0.290774616
lys_cil,2,15,-0.624565445,0.009103201,487.4731709,0.293949769
lys_cil,2,25,-0.019479322,0.010602379,382.8884754,0.341405342
lys_cil,2,50,0.176274977,0.012014906,355.5106483,0.372780015
lys_cil,2,100,0.840751039,0.014842794,289.2467369,0.445652981
lys_cil,2,200,1.763122933,0.018795613,229.5535318,0.562912321
lys_cil,2,300,2.349479022,0.023257126,216.2050131,0.731541295
lys_cil,2,400,3.06524981,0.029142615,206.9607337,0.918094606
lys_cil,2,600,3.510658147,0.032754382,202.780918,1.028615217
lys_cil,2,800,3.377128973,0.032996701,210.719209,1.053750967
lys_cil,2,1000,3.496603192,0.031004207,194.2696992,0.995009939
lys_cil,2,1500,3.459665239,0.03116327,196.5442507,1.071533085
lys_cil,3,0,-0.666744661,0.011857567,475.3657248,0.258064747
lys_cil,3,5,-0.151739927,0.013072506,404.4632798,0.278304094
lys_cil,3,10,0.032293382,0.015561484,382.6310194,0.333535182
lys_cil,3,15,0.299941362,0.018661608,360.3268504,0.399665736
lys_cil,3,25,0.957427559,0.022209026,317.2406837,0.463196622
lys_cil,3,50,1.907293582,0.025661577,266.8009195,0.521823758
lys_cil,3,100,3.018584583,0.030819955,227.5503247,0.639263987
lys_cil,3,200,3.800990551,0.034353188,206.0984514,0.736049261
lys_cil,3,250,4.237766413,0.03804144,203.9988639,0.830540198
lys_cil,3,300,4.633938062,0.040475686,198.5868814,0.882053029
lys_cil,3,350,4.57061625,0.042533927,208.2504061,0.917240619
lys_cil,3,400,4.792670584,0.043901846,205.2209224,0.943242155
lys_cil,3,500,4.87975488,0.044717008,204.899187,0.990867265
lys_cil,3,600,4.963452682,0.045193463,203.4647055,1.044753854
lys_cil,3,700,4.883894964,0.044373396,202.7884369,1.05406559
lys_cil,3,800,4.699729313,0.042429942,201.9334572,1.032598774
lys_cil,3,1000,4.443080298,0.04015464,202.3203609,1.029323301
lys_cil,3,1200,4.164823697,0.035455619,192.1731516,0.943849284
lys_cil,4,0,-0.688252392,0.031814947,417.1931754,0.860247033
lys_cil,4,5,-0.179310332,0.036162413,390.1376527,0.957977148
lys_cil,4,10,0.036525446,0.041607425,380.5717009,1.089291149
lys_cil,4,15,0.352786755,0.048250245,370.1412029,1.229258497
lys_cil,4,25,1.088316587,0.0600583,351.9917321,1.477977125
lys_cil,4,50,2.272446197,0.071417157,327.8207462,1.693300084
lys_cil,4,100,4.928887533,0.082072244,277.5040627,1.881884093
lys_cil,4,150,5.99709054,0.086774627,260.8926115,1.937454182
lys_cil,4,200,6.629416525,0.088850284,250.4007534,2.012162203
lys_cil,4,250,7.046597056,0.089518243,242.8284335,2.069326489
lys_cil,4,300,7.332687629,0.090453524,238.3369352,2.125494814
lys_cil,4,350,7.518605543,0.091081175,235.5909412,2.149383162
lys_cil,4,400,7.564978022,0.086480283,228.2722882,1.999131732
lys_cil,4,500,7.301616757,0.079032065,220.8710309,1.852657537
lys_cil,4,600,6.92076251,0.069650926,210.3999131,1.698415715
lys_cil,4,700,6.39384108,0.060481156,201.3231398,1.528098206
lys_cil,5,0,-0.589037428,0.012340475,458.8307849,0.318637394
lys_cil,5,5,-0.021940083,0.014615101,385.8703864,0.366742077
lys_cil,5,10,0.183350516,0.018828968,368.1791843,0.453554089
lys_cil,5,15,0.565222972,0.024529368,347.1149933,0.578193255
lys_cil,5,25,1.133914729,0.033550099,329.4771093,0.737282897
lys_cil,5,50,2.401644927,0.040442501,286.1279722,0.862610824
lys_cil,5,100,3.701124763,0.046262128,250.1034445,1.010212109
lys_cil,5,150,4.546002824,0.050042214,230.7139963,1.100738616
lys_cil,5,200,4.694181012,0.050313614,226.2721495,1.137881316
lys_cil,5,250,4.782809019,0.048753112,218.053748,1.141478493
lys_cil,5,300,4.747706506,0.047060026,213.2705632,1.144253864
lys_cil,5,350,4.642861951,0.045669446,211.9138152,1.141814576
lys_cil,5,400,4.676570917,0.044033458,204.5545592,1.127513133
lys_cil,5,500,4.641971105,0.041072972,193.5366873,1.107727824
lys_cil,5,600,4.297333136,0.036237809,185.4417674,1.024033761
lys_cil,5,700,3.765879547,0.029947519,175.4972439,0.85955514
lys_cil,6,0,-0.52132734,0.039568887,406.3387214,0.877419531
lys_cil,6,5,0.005763749,0.046298825,384.7713723,0.981816319
lys_cil,6,10,0.330711271,0.053486418,375.0138083,1.080356414
lys_cil,6,15,0.573366226,0.061397166,369.8797573,1.184604064
lys_cil,6,25,1.068407908,0.070021354,359.4454232,1.318653607
lys_cil,6,50,2.498256976,0.079217085,330.3810585,1.471770179
lys_cil,6,100,4.562702527,0.089827555,295.206456,1.646116238
lys_cil,6,150,5.605691568,0.095372188,280.0922144,1.723042488
lys_cil,6,200,6.318330931,0.098470714,269.9092437,1.782757714
lys_cil,6,250,6.66678812,0.098558604,263.4710279,1.783365578
lys_cil,6,300,6.927397943,0.097134577,257.1511552,1.760656527
lys_cil,6,350,6.9508273,0.093835141,252.5080376,1.730126135
lys_cil,6,400,6.973079009,0.089561205,246.3546997,1.699003432
lys_cil,6,500,6.910836345,0.082846062,237.3559954,1.641501715
lys_cil,6,600,6.639446795,0.07462707,228.9234853,1.545763029
lys_cil,6,700,6.340013762,0.065920583,218.08331,1.415916539
lys_cil,6,800,5.913928422,0.057868164,209.3781907,1.284688157
ono_sen,1,1.42658639,-0.501058051,0.06524945,405.8646484,0.633990225
ono_sen,1,4.624309063,-0.189010409,0.067074569,397.8291372,0.621414845
ono_sen,1,11.07438087,0.270468314,0.071059811,386.475242,0.651857089
ono_sen,1,15.5592556,0.477272261,0.072076577,381.6390503,0.657217377
ono_sen,1,25.56634903,0.971124042,0.074522009,370.453839,0.690676399
ono_sen,1,48.75080872,1.990672215,0.076707803,348.1364553,0.723378996
ono_sen,1,100.486145,3.61963183,0.078599833,313.6806161,0.71634101
ono_sen,1,200.78508,4.840419002,0.081828366,290.6888796,0.759266208
ono_sen,1,249.6191711,5.522130495,0.084875089,280.4269788,0.792866499
ono_sen,1,301.3640137,5.559425034,0.08698358,282.1242794,0.814578647
ono_sen,1,349.4962158,5.891614934,0.088230078,276.8243535,0.848673189
ono_sen,1,399.3831787,5.958467248,0.088452841,275.7589907,0.876307382
ono_sen,1,500.7638855,6.208091968,0.090806212,273.4217573,0.922913425
ono_sen,1,598.9653931,6.46015019,0.091890708,269.8341165,0.970474965
ono_sen,1,701.4014282,6.493794503,0.091209495,268.1998846,1.00150989
ono_sen,1,999.6532593,6.295626951,0.086580437,265.342673,1.088186122
ono_sen,1,1500.378174,6.2861854,0.084620203,262.2292716,1.246023394
ono_sen,2,0.728757143,-0.274591137,0.085296385,399.9453173,0.580920593
ono_sen,2,4.900100231,0.061298528,0.087515421,393.3257907,0.567400844
ono_sen,2,9.945502281,0.03642251,0.0923827,393.5224109,0.596805167
ono_sen,2,16.1076107,0.544267542,0.096350169,384.1845504,0.615543203
ono_sen,2,26.13696671,1.16734689,0.100107576,373.3273092,0.633065918
ono_sen,2,49.57568359,2.160846669,0.101502475,355.5014947,0.636684476
ono_sen,2,100.9499207,3.860282729,0.103662248,325.9773082,0.659231519
ono_sen,2,199.2241669,5.461282369,0.102520369,296.4338123,0.678491882
ono_sen,2,250.1499939,5.835930997,0.104478113,291.5282523,0.700254883
ono_sen,2,299.6642761,6.076218967,0.103954609,286.927052,0.684037776
ono_sen,2,350.4291687,6.095220929,0.103365936,286.1112959,0.691907762
ono_sen,2,400.640625,6.186252875,0.103745903,284.830108,0.692049638
ono_sen,2,500.3589478,6.509925329,0.102085605,277.6522255,0.71138018
ono_sen,2,599.0638428,6.228140868,0.100543293,280.427335,0.74484166
ono_sen,2,701.3154907,6.315685443,0.097840176,275.9424294,0.782772205
ono_sen,2,1000.969055,6.422377138,0.095832566,271.2463571,0.870568867
ono_sen,2,1499.817261,6.445342964,0.092549826,266.5067152,0.970689391
ono_sen,3,0.761003315,-0.315669989,0.109464691,400.010501,0.691591214
ono_sen,3,5.119111538,-0.112587024,0.108120478,396.7607108,0.661485662
ono_sen,3,10.12243366,0.14191068,0.113778558,392.5897348,0.685896385
ono_sen,3,14.8040266,0.562178663,0.116006969,385.925672,0.663307857
ono_sen,3,24.25481796,0.91775991,0.117603333,380.108161,0.679103749
ono_sen,3,49.64964294,2.400382796,0.122261127,358.1041914,0.682854168
ono_sen,3,101.1620102,4.298700791,0.118880939,326.8399774,0.650774666
ono_sen,3,199.5248718,5.983781424,0.120089213,300.6399613,0.696083193
ono_sen,3,250.3921967,6.529906382,0.121472476,293.0180077,0.728432604
ono_sen,3,301.2851868,6.812988742,0.121675301,288.6187855,0.757144754
ono_sen,3,349.7937012,7.000059096,0.12155568,285.5128129,0.79869116
ono_sen,3,399.3600159,7.223791116,0.122514825,283.0764761,0.831990984
ono_sen,3,500.2664795,7.44867713,0.119932543,277.5639655,0.798620871
ono_sen,3,600.5136719,7.597788496,0.121169278,276.0231003,0.839907451
ono_sen,3,699.3311157,7.668345408,0.123037899,276.2424311,0.885521998
ono_sen,3,1000.887695,7.961117123,0.124655847,272.7912027,0.981400249
ono_sen,3,1500.272827,7.958996136,0.125561028,272.8665945,1.121954055
ono_sen,4,1.961197376,-0.114553098,0.058383575,399.1973022,0.351580856
ono_sen,4,4.683488369,0.090715407,0.068115036,393.6749272,0.379150821
ono_sen,4,8.633321762,0.329174267,0.069913691,387.5898043,0.38247052
ono_sen,4,16.0097599,0.755478959,0.071016614,377.1579596,0.393833036
ono_sen,4,24.41819382,1.238131581,0.071463511,365.4229951,0.405240436
ono_sen,4,49.58287811,2.2958547,0.074926683,341.5935122,0.427604138
ono_sen,4,100.4013138,3.862172468,0.078238482,307.8642459,0.453023583
ono_sen,4,200.2056122,5.490435095,0.074829566,265.56574,0.458181565
ono_sen,4,248.9510498,6.001567009,0.076300335,256.1272879,0.480245211
ono_sen,4,299.7375488,6.276422767,0.078375889,253.1364579,0.504606168
ono_sen,4,350.1906738,6.405451479,0.079012164,251.1557857,0.519153849
ono_sen,4,399.95755,6.638918433,0.08088955,249.0963086,0.540214824
ono_sen,4,500.115509,6.873550484,0.084478634,249.3469187,0.572573371
ono_sen,4,599.3278809,7.143114497,0.087064902,247.5145098,0.607400558
ono_sen,4,701.0787354,7.405899497,0.088736456,244.515002,0.644872568
ono_sen,4,1001.198303,7.538784383,0.092150572,246.2253853,0.726959338
ono_sen,4,1499.480469,7.840620455,0.094436669,242.8981739,0.838459124
ono_sen,5,0.088524662,-0.339925244,0.105561112,403.3993241,0.416805125
ono_sen,5,5.363642693,0.096656367,0.107846626,395.8256299,0.405327657
ono_sen,5,10.94299698,0.400013363,0.109353406,390.4560211,0.39800839
ono_sen,5,15.47898579,0.612353448,0.109668719,386.8235048,0.387180667
ono_sen,5,25.35156441,1.363051136,0.108585183,373.92604,0.372401383
ono_sen,5,50.43946838,2.248937677,0.102337799,356.4282396,0.357182784
ono_sen,5,99.52370453,3.693950796,0.097597428,327.1494598,0.361028589
ono_sen,5,200.9956665,5.661030931,0.097552327,290.2242395,0.399092209
ono_sen,5,249.6387787,6.108814649,0.095770445,279.9733563,0.415936058
ono_sen,5,299.8873901,6.199006175,0.096370222,278.3177306,0.447142642
ono_sen,5,350.1469727,6.799873276,0.095789901,266.6906604,0.474264984
ono_sen,5,399.6747742,6.516521752,0.096719217,272.7019033,0.513858475
ono_sen,5,500.0376282,6.926765924,0.096970649,265.2559254,0.546550672
ono_sen,5,599.6276855,7.306515142,0.096803215,258.1590593,0.583872954
ono_sen,5,701.1157837,7.314446887,0.097093171,256.5437493,0.628814971
ono_sen,5,999.6196289,7.526950252,0.097706649,253.0027359,0.707363442
ono_sen,5,1499.463013,7.715599767,0.096807544,247.7945055,0.789875966
pol_acr,1,0.687447429,-0.449759783,0.016452426,431.3363105,0.308387518
pol_acr,1,4.831169128,-0.20212071,0.015970493,407.7794977,0.29441817
pol_acr,1,11.2371521,0.244891678,0.015826301,362.5709903,0.290412805
pol_acr,1,15.59485626,0.415316325,0.016448093,346.7888772,0.303911533
pol_acr,1,25.2469902,0.710238636,0.016823854,319.6345756,0.311301316
pol_acr,1,49.81842041,1.637924983,0.01864389,246.0499182,0.333179545
pol_acr,1,101.3031998,1.837504322,0.01889503,230.0209658,0.347373421
pol_acr,1,199.7762299,2.151767184,0.021245598,222.963845,0.393349119
pol_acr,1,250.3545227,2.278863798,0.023109616,227.6247823,0.415023448
pol_acr,1,301.1875305,2.44158765,0.024547661,225.8738508,0.440136406
pol_acr,1,400.7536926,2.7609605,0.026956429,220.464241,0.488849354
pol_acr,1,499.5591125,3.026200381,0.029288982,218.1915286,0.54480616
pol_acr,1,600.3109131,3.129134188,0.032292632,228.0751799,0.591504595
pol_acr,1,699.3754883,3.360219705,0.034508118,226.5024793,0.657103421
pol_acr,1,800.8118896,3.471510202,0.037885229,235.0038834,0.732196067
pol_acr,1,900.6654663,3.621388354,0.039195899,233.328088,0.760222723
pol_acr,2,0.344395339,-0.643824077,0.026700929,425.1560271,0.565263955
pol_acr,2,5.259934902,-0.269136311,0.026337742,402.8088679,0.547816365
pol_acr,2,10.31267929,0.02997052,0.024674356,384.3359323,0.51313675
pol_acr,2,14.5486927,0.102416196,0.026880301,379.829232,0.568095274
pol_acr,2,24.47727966,0.480480235,0.02473563,354.464297,0.529952426
pol_acr,2,50.74066925,1.407597267,0.026700617,300.4767163,0.577518116
pol_acr,2,99.43856812,1.905317097,0.026533412,269.3561527,0.58331894
pol_acr,2,200.1820679,2.443208375,0.029031067,248.8740353,0.644229067
pol_acr,2,250.7500305,2.704686191,0.029509329,237.8298566,0.631427088
pol_acr,2,300.2486877,2.722088939,0.029017463,234.6042111,0.603310057
pol_acr,2,400.1327515,2.953655638,0.030234322,228.1839309,0.629159217
pol_acr,2,499.8009033,3.005798833,0.031210278,228.9601894,0.657759884
pol_acr,2,599.4299927,3.016358355,0.03177647,231.0531313,0.672000679
pol_acr,2,699.1878052,3.05930142,0.032644109,232.8607271,0.691182677
pol_acr,2,799.7657471,3.038627119,0.032997217,235.3519898,0.702848202
pol_acr,2,900.4348145,3.148840493,0.032873512,229.257076,0.709696327
pol_acr,3,0.31969744,-0.280916517,0.026246748,404.6870439,0.544151212
pol_acr,3,6.136768341,0.116860003,0.026684775,380.5139977,0.542907081
pol_acr,3,10.12271118,0.331088936,0.027519392,367.650362,0.555950379
pol_acr,3,14.5559988,0.706035687,0.02855832,347.056078,0.578875352
pol_acr,3,24.27395058,1.072206997,0.029409206,328.0788029,0.592032908
pol_acr,3,50.61520004,1.812789225,0.030829869,291.7138025,0.619703535
pol_acr,3,99.14015198,2.511001505,0.032318889,260.6321544,0.657792402
pol_acr,3,199.704834,2.944696258,0.033888117,245.2651908,0.696269838
pol_acr,3,249.8372498,3.163124778,0.034695397,238.2803317,0.717087957
pol_acr,3,300.0147705,3.392834673,0.035655441,231.0872914,0.748929096
pol_acr,3,400.8847961,3.477954163,0.03706089,232.8646735,0.785263362
pol_acr,3,500.9816589,3.803018106,0.040325576,231.594356,0.862091427
pol_acr,3,600.0734863,3.933818213,0.044085771,239.1832401,0.946318824
pol_acr,3,799.9161377,4.292211791,0.048697355,240.2771384,1.05284346
pol_acr,4,0.244238198,-0.202330531,0.034244502,396.3151626,0.661357855
pol_acr,4,6.016798496,0.165183695,0.034920811,378.9708906,0.660885588
pol_acr,4,10.12289143,0.160018538,0.035872086,379.708206,0.674783542
pol_acr,4,14.50196457,0.521802757,0.03657409,363.7556282,0.68969262
pol_acr,4,24.28618622,0.853873458,0.037001807,349.0032804,0.703705386
pol_acr,4,50.38619614,1.72407615,0.038236617,312.5022291,0.729125271
pol_acr,4,99.07675934,2.448678608,0.039455938,284.2632126,0.760774043
pol_acr,4,199.4325104,3.196097021,0.040806284,257.1239327,0.797980946
pol_acr,4,249.5608826,3.143630387,0.040777953,259.0403592,0.79856248
pol_acr,4,299.8296509,3.243321534,0.040349515,253.451872,0.805898009
pol_acr,4,400.2689514,3.38138666,0.040566114,248.3672872,0.823317088
pol_acr,4,500.267395,3.455642927,0.041850829,249.3271644,0.854026814
pol_acr,4,599.4082031,3.517527687,0.042931329,250.0826856,0.887390273
pol_acr,5,0.154363751,-0.25139537,0.017550176,412.0660277,0.318551213
pol_acr,5,5.886382103,0.166675683,0.017741353,373.8631524,0.320064684
pol_acr,5,10.07847023,0.404729225,0.018594624,353.7764999,0.337043641
pol_acr,5,14.51306629,0.574364461,0.019315275,340.6427762,0.352018384
pol_acr,5,24.01011276,0.925757001,0.020089665,314.1670847,0.368405586
pol_acr,5,50.42599487,1.40326345,0.021172501,281.1670179,0.393320823
pol_acr,5,99.11359406,1.903670738,0.022662031,252.0537836,0.430668103
pol_acr,5,199.4720154,2.273662454,0.024740263,238.6735816,0.477795702
pol_acr,5,249.654068,2.448146919,0.025689675,232.8866568,0.501741678
pol_acr,5,299.6511841,2.493846738,0.027834572,241.5593405,0.55467722
pol_acr,5,400.4597778,2.798909127,0.028697771,228.5030622,0.575515054
pol_acr,5,500.1809692,2.786070468,0.029832002,234.4288909,0.604019155
pte_aqu,1,0.465880811,-0.292236531,0.089484291,396.0390611,1.168066175
pte_aqu,1,5.118542671,-0.073382852,0.093269896,391.7026245,1.198550674
pte_aqu,1,10.51004696,0.425487714,0.096752803,382.5659143,1.237334385
pte_aqu,1,15.05441856,0.634516403,0.099161817,378.8636744,1.2676768
pte_aqu,1,24.61617851,1.114027889,0.10281252,370.8328278,1.312206665
pte_aqu,1,51.2146759,2.341774978,0.106478651,350.6503351,1.355861195
pte_aqu,1,100.268631,3.879992058,0.109889954,326.3760285,1.401514454
pte_aqu,1,199.3892365,5.534588836,0.116716071,303.7462186,1.488313763
pte_aqu,1,249.8937378,5.897807095,0.1200951,300.3107112,1.529242676
pte_aqu,1,300.6204834,6.270716824,0.122683215,296.4799628,1.559871931
pte_aqu,1,348.6891479,6.34698235,0.123598158,295.9136028,1.574045435
pte_aqu,1,400.5723267,6.399563154,0.122302273,294.4213995,1.55162922
pte_aqu,1,426.2096558,5.882081376,0.117816914,299.2637786,1.506062393
pte_aqu,2,1.182749629,-0.538535606,0.040491982,405.8528904,0.948427349
pte_aqu,2,4.736562729,-0.280908714,0.043397737,395.5071763,0.969668863
pte_aqu,2,11.21992207,0.17810611,0.046163912,379.030743,0.998777974
pte_aqu,2,15.65066624,0.475635614,0.052686077,371.013698,1.078381497
pte_aqu,2,24.99285698,0.90553055,0.060387802,360.8879679,1.211145616
pte_aqu,2,51.23062515,2.114396994,0.069191099,334.1784729,1.312639228
pte_aqu,2,99.22846985,3.571113906,0.081519772,310.6774344,1.481981692
pte_aqu,2,199.3336639,6.110947997,0.095430746,273.8117285,1.67498949
pte_aqu,2,251.0449677,6.865585182,0.104415886,269.6227459,1.808641746
pte_aqu,2,301.1428223,7.431171269,0.113357283,268.9497602,1.90381246
pte_aqu,2,348.7701416,7.899341358,0.118634593,266.5239822,1.963422267
pte_aqu,2,399.7753906,8.042018279,0.11718398,262.9277962,1.958218535
pte_aqu,2,425.2811279,7.837451023,0.107571314,256.6774269,1.830377761
pte_aqu,3,0.395165563,-0.422439184,0.032818642,406.3193543,0.723982594
pte_aqu,3,6.202007771,0.147363889,0.036214168,378.9078516,0.790555475
pte_aqu,3,10.24820709,0.362047671,0.039061049,370.5008076,0.833458235
pte_aqu,3,14.63491058,0.494279954,0.042276866,366.3732097,0.903700023
pte_aqu,3,24.10912514,0.885710098,0.046584649,354.0076406,0.99489752
pte_aqu,3,50.15312958,1.908839521,0.052746954,325.592414,1.081550085
pte_aqu,3,100.2659988,3.002116674,0.055369122,294.6184586,1.179591599
pte_aqu,3,200.1908264,4.092697463,0.062625668,275.091114,1.324778011
pte_aqu,3,249.8871918,4.509037103,0.068996765,274.249024,1.446454716
pte_aqu,3,299.6296387,4.949757061,0.076462618,274.6550307,1.557727574
pte_aqu,3,348.7650452,5.661190476,0.080714792,264.3398013,1.686083737
pte_aqu,3,399.8463745,5.833607759,0.084401637,265.6126541,1.772152215
pte_aqu,3,450.1278381,5.699719996,0.080719982,263.3432924,1.727616042
pte_aqu,4,0.382876515,-0.264986133,0.164881881,397.609749,1.389567108
pte_aqu,4,5.17910099,0.13339838,0.167611074,393.0226641,1.385365849
pte_aqu,4,10.57352829,0.392819286,0.167748718,389.5181587,1.389100735
pte_aqu,4,15.19990349,0.658718388,0.171654911,385.7135404,1.412233225
pte_aqu,4,24.6993103,1.353780023,0.170968233,377.8850064,1.415742343
pte_aqu,4,49.72171021,2.661509896,0.172066341,362.8064337,1.439549957
pte_aqu,4,98.74253082,4.652015293,0.180038265,341.7510999,1.49401907
pte_aqu,4,200.0210114,6.593499828,0.1786112,319.4119163,1.530631153
pte_aqu,4,250.6446533,7.098183518,0.177539826,313.2643202,1.546448829
pte_aqu,4,299.0297852,7.460247557,0.173966103,307.7419364,1.552714986
pte_aqu,4,349.3664551,7.619257444,0.17123251,304.5942095,1.568815801
pte_aqu,4,401.0847778,7.796118615,0.164223053,299.3683841,1.534317498
pte_aqu,4,499.8093567,8.069538214,0.158227028,293.0245488,1.526242572
pte_aqu,5,0.560662746,-0.171338108,0.100113348,398.3712918,0.586560295
pte_aqu,5,4.823585987,0.244965631,0.100709035,391.0097784,0.579090758
pte_aqu,5,9.745435715,0.662512718,0.103454867,383.5832872,0.603113564
pte_aqu,5,16.39515305,1.009652442,0.104701384,377.6621883,0.604535149
pte_aqu,5,26.30221939,1.49701093,0.105695933,369.3802148,0.603231753
pte_aqu,5,48.92819977,2.584349449,0.107998833,351.2030116,0.615631222
pte_aqu,5,100.5332108,3.915344878,0.107661066,328.4297087,0.612493
pte_aqu,5,200.028244,5.098128902,0.109098437,308.9368906,0.639135863
pte_aqu,5,251.1999817,5.157905628,0.107548005,307.0130627,0.63155014
pte_aqu,5,299.6617737,5.262498612,0.106331099,302.9419209,0.629178163
pte_aqu,5,350.86203,5.279040139,0.103484288,300.7086578,0.609353667
pte_aqu,5,401.0431213,5.090245814,0.099435681,300.6023614,0.586444575
pte_aqu,5,499.5846252,5.216438783,0.095961721,295.731328,0.570157856
